OBJECTID,STATEFP10,COUNTYFP10,TRACTCE10,BLKGRPCE10,GEOID10,NAMELSAD10,MTFCC10,FUNCSTAT10,ALAND10,AWATER10,INTPTLAT10,INTPTLON10,SUMLEV,STATE,COUNTY,TRACT,BLKGRP,GEOID10_1,TOTAL_POP,WHITE,BLACK,AMERI_ES,ASIAN,HAWN_PI,OTHER,MULTI_RACE,HISPANIC,NON_HISPAN,HSE_UNITS,OCCUP,VACANT,PST_CD,CITY,GlobalID,Shape.STArea(),Shape.STLength(),TRACTNAME10
167,36,29,2900,1,360290029001,Block Group 1,G5030,S,147859,0,42.9073233,-78.8132379,150,36,29,2900,1,360290029001,558,85,447,3,4,0,4,15,24,534,270,186,84,,,{9C1A952A-98FB-4E55-B10C-D4B880B4E119},1.6298273854E-05,0.016539546971277,29
96,36,29,16400,2,360290164002,Block Group 2,G5030,S,476961,0,42.8715885,-78.8548018,150,36,29,16400,2,360290164002,847,564,196,10,4,0,32,41,139,708,561,365,196,,,{46DBA956-09DE-41D9-814C-6E53524EADE5},5.2544670521E-05,0.044318779473936,164
21,36,29,5400,4,360290054004,Block Group 4,G5030,S,437314,0,42.9426394,-78.8576209,150,36,29,5400,4,360290054004,834,730,54,4,24,0,5,17,26,808,421,402,19,,,{7260E242-D6BC-4116-8C44-79E3D9D82B4A},4.823151201E-05,0.043739770103819,54
249,36,29,3301,2,360290033012,Block Group 2,G5030,S,218256,0,42.919449,-78.8457194,150,36,29,3301,2,360290033012,798,16,768,4,0,0,3,7,8,790,427,334,93,,,{68BAB562-7875-4F4D-9B60-16785CE40277},2.4062812233E-05,0.019775636493136,33.01
185,36,29,16700,2,360290167002,Block Group 2,G5030,S,133425,0,42.8734981,-78.8063784,150,36,29,16700,2,360290167002,805,729,44,0,6,0,10,16,50,755,400,358,42,,,{A4A93C5D-AE34-4266-8EBB-3BD0A8EF7D23},1.4699270402E-05,0.016297307247399,167
236,36,29,4200,1,360290042001,Block Group 1,G5030,S,136251,0,42.9385459,-78.8162474,150,36,29,4200,1,360290042001,667,12,633,3,6,0,7,6,20,647,308,266,42,,,{C6629B63-821A-4794-9112-D45EFBC93EFE},1.5026107738E-05,0.015917422392712,42
205,36,29,1500,1,360290015001,Block Group 1,G5030,S,411611,0,42.8826796,-78.8473924,150,36,29,1500,1,360290015001,573,76,468,1,10,0,3,15,18,555,347,259,88,,,{139887CD-2DEE-474C-B7CF-4D4497D1BCA6},4.535347118E-05,0.034106167363695,15
157,36,29,16600,3,360290166003,Block Group 3,G5030,S,237546,0,42.8990301,-78.8444377,150,36,29,16600,3,360290166003,541,10,518,1,1,0,5,6,10,531,324,237,87,,,{CAB3783F-7375-4489-AC69-CA8E3B375415},2.618094831E-05,0.024954681089907,166
184,36,29,16700,1,360290167001,Block Group 1,G5030,S,219069,0,42.8743675,-78.8028408,150,36,29,16700,1,360290167001,766,714,27,8,1,0,3,13,15,751,415,374,41,,,{93C65740-1EC8-4AFD-B2E1-0F357A38BE16},2.4135245273E-05,0.027501470766247,167
190,36,29,16900,4,360290169004,Block Group 4,G5030,S,186949,0,42.9217362,-78.864477,150,36,29,16900,4,360290169004,1009,458,462,18,6,0,27,38,106,903,334,272,62,,,{4B376370-EC47-4C8C-A255-6DAF7ECCBBE7},2.0611887174E-05,0.029413200926495,169
125,36,29,500,2,360290005002,Block Group 2,G5030,S,293830,0,42.8666622,-78.863145,150,36,29,500,2,360290005002,847,764,19,8,1,0,40,15,105,742,472,394,78,,,{6AAEA90D-199F-4F70-9A81-BB7317E4C992},3.2367345999E-05,0.025627361985864,5
170,36,29,3000,1,360290030001,Block Group 1,G5030,S,175776,0,42.9082415,-78.8021779,150,36,29,3000,1,360290030001,840,159,629,5,1,0,13,33,43,797,415,341,74,,,{7F63F53D-DE4D-40AE-BF51-F2651A195EF8},1.8828252293E-05,0.019615505833143,30
253,36,29,4001,3,360290040013,Block Group 3,G5030,S,317645,0,42.9360858,-78.8362606,150,36,29,4001,3,360290040013,921,22,866,2,1,0,1,29,11,910,529,367,162,,,{75CA0D40-20CE-41A9-B41A-3D5F2CAF97CF},3.502965276E-05,0.029090417801757,40.01
106,36,29,5802,3,360290058023,Block Group 3,G5030,S,119141,0,42.9556979,-78.902964,150,36,29,5802,3,360290058023,1025,626,154,25,48,0,121,51,331,694,403,352,51,,,{3E51E06C-246F-4672-9C82-8817099A5E12},1.3142874558E-05,0.020171710762311,58.02
58,36,29,4001,5,360290040015,Block Group 5,G5030,S,177102,0,42.9385228,-78.8406949,150,36,29,4001,5,360290040015,646,252,264,6,67,0,12,45,39,607,308,252,56,,,{3F070CFE-55E1-4110-B56C-15B9EA377BE0},1.953147914E-05,0.022297755154087,40.01
135,36,29,800,1,360290008001,Block Group 1,G5030,S,197522,0,42.8452676,-78.8196216,150,36,29,800,1,360290008001,926,866,23,9,7,0,12,9,73,853,417,379,38,,,{657EDDF1-DBE8-470C-9C49-752333314263},2.1751039087E-05,0.0225860300115,8
203,36,29,1000,1,360290010001,Block Group 1,G5030,S,230280,0,42.8501374,-78.8019264,150,36,29,1000,1,360290010001,1323,1179,62,8,18,0,23,33,91,1232,644,558,86,,,{CDFE5B62-8493-4970-BE08-CDFE668D3683},2.3459619224E-05,0.025141866709254,10
241,36,29,3100,3,360290031003,Block Group 3,G5030,S,355917,0,42.9007141,-78.8601283,150,36,29,3100,3,360290031003,661,28,619,1,7,0,2,4,13,648,351,285,66,,,{60F43C14-5AA1-471E-B5F8-BA9B5C055D69},3.9227961112E-05,0.027608626769479,31
40,36,29,6100,4,360290061004,Block Group 4,G5030,S,135545,0,42.9189372,-78.8916778,150,36,29,6100,4,360290061004,1052,353,394,11,145,0,87,62,237,815,439,349,90,,,{829A7167-3F65-4C1E-976A-D2B63EFE0844},1.4943771185E-05,0.017588845852637,61
235,36,29,4200,5,360290042005,Block Group 5,G5030,S,191525,0,42.937622,-78.8206365,150,36,29,4200,5,360290042005,926,27,883,3,2,0,0,11,13,913,423,366,57,,,{660F2688-2B82-4554-90AC-BCA48EE50B70},2.1121784804E-05,0.01871205011282,42
134,36,29,700,5,360290007005,Block Group 5,G5030,S,214578,0,42.8405694,-78.8109456,150,36,29,700,5,360290007005,660,632,4,4,7,0,2,11,26,634,310,286,24,,,{2882B447-9491-43EB-8765-F033DAAC93B3},2.3627498905E-05,0.023080294446114,7
234,36,29,4200,3,360290042003,Block Group 3,G5030,S,186792,0,42.9309605,-78.816038,150,36,29,4200,3,360290042003,635,39,589,1,1,0,4,1,9,626,296,254,42,,,{014C0588-33E2-44C3-B115-DAE8A33FC677},2.0597655413E-05,0.018166596738869,42
41,36,29,6100,3,360290061003,Block Group 3,G5030,S,168674,0,42.9144158,-78.8924361,150,36,29,6100,3,360290061003,803,348,181,17,102,1,129,25,311,492,383,271,112,,,{B1B7FB75-05E2-41D8-9EE8-C1BCAE7E022C},1.8594717686E-05,0.022029525119341,61
153,36,29,2400,4,360290024004,Block Group 4,G5030,S,164050,0,42.8945709,-78.8068,150,36,29,2400,4,360290024004,771,691,52,5,3,0,5,15,48,723,366,319,47,,,{107DCC82-C116-4175-8088-01CAE3CC3216},1.8079184752E-05,0.019667342454614,24
77,36,29,6902,2,360290069022,Block Group 2,G5030,S,145197,0,42.9004435,-78.8877126,150,36,29,6902,2,360290069022,808,493,127,16,10,4,92,66,247,561,471,398,73,,,{C35354E5-725C-48CB-9642-2E7237F4FFF9},1.6003219539E-05,0.02153486034706,69.02
196,36,29,3400,1,360290034001,Block Group 1,G5030,S,153495,0,42.9184805,-78.8254631,150,36,29,3400,1,360290034001,735,26,690,2,0,0,5,12,16,719,374,296,78,,,{4BE6B071-0233-4C20-84FA-D93EF6D06A75},1.6922599739E-05,0.020218985610925,34
165,36,29,2900,2,360290029002,Block Group 2,G5030,S,186289,0,42.9071122,-78.8168642,150,36,29,2900,2,360290029002,418,69,336,3,0,0,7,3,20,398,268,179,89,,,{745A6A63-180C-4F5C-9CA8-27049DFF9F62},2.0534148931E-05,0.018590251611265,29
130,36,29,700,1,360290007001,Block Group 1,G5030,S,161792,0,42.8403984,-78.8052815,150,36,29,700,1,360290007001,611,597,0,2,3,0,3,6,14,597,251,240,11,,,{A8B47CC6-B12C-472C-AB42-09024837620F},1.780982202E-05,0.019568002433792,7
18,36,29,7101,3,360290071013,Block Group 3,G5030,S,260226,0,42.8957238,-78.8854415,150,36,29,7101,3,360290071013,1074,418,171,37,69,0,317,62,660,414,580,448,132,,,{B6FB528F-D6C1-4A08-9B6D-D4327737D7EB},2.867895672E-05,0.029242794013252,71.01
252,36,29,3901,1,360290039011,Block Group 1,G5030,S,524580,0,42.9333346,-78.8266443,150,36,29,3901,1,360290039011,1150,67,1019,3,2,9,5,45,18,1132,583,519,64,,,{221B9B9F-4E91-449E-B0A0-9E4C68BF8296},5.7847552859E-05,0.042900617630666,39.01
87,36,29,16500,1,360290165001,Block Group 1,G5030,S,1889028,12723,42.8845871,-78.8730207,150,36,29,16500,1,360290165001,1798,1000,678,9,28,3,27,53,212,1586,822,629,193,,,{A7E23E10-EA06-41CB-BF87-BF81D22FB763},0.00020954977328,0.063169482807695,165
55,36,29,16900,3,360290169003,Block Group 3,G5030,S,325400,0,42.918278,-78.8648694,150,36,29,16900,3,360290169003,1022,432,530,8,6,0,18,28,66,956,570,471,99,,,{B7895313-EAAF-473C-8C9F-D8820614FB26},3.5874591571E-05,0.026741119161641,169
144,36,29,1600,4,360290016004,Block Group 4,G5030,S,278633,0,42.889666,-78.8372127,150,36,29,1600,4,360290016004,667,163,437,3,46,0,8,10,18,649,477,312,165,,,{71A56854-CAD9-4C40-9A63-FFA991227C26},3.0704401599E-05,0.025429489261004,16
150,36,29,2300,2,360290023002,Block Group 2,G5030,S,172563,0,42.8872308,-78.805653,150,36,29,2300,2,360290023002,786,717,41,1,12,0,9,6,46,740,417,353,64,,,{19F2EC83-9A1D-4FD8-AE31-DA573139DEDE},1.9015285167E-05,0.017665839132942,23
224,36,29,3800,2,360290038002,Block Group 2,G5030,S,127585,0,42.9168349,-78.8023566,150,36,29,3800,2,360290038002,652,111,525,0,0,0,7,9,20,632,285,250,35,,,{0FE47AF0-AA4A-4154-BC1A-85422CD40425},1.4065683708E-05,0.020095468725711,38
266,36,29,4500,5,360290045005,Block Group 5,G5030,S,232674,0,42.9462567,-78.8390273,150,36,29,4500,5,360290045005,939,734,141,4,23,2,6,29,40,899,455,425,30,,,{22458644-9967-4368-A878-948E3028B145},2.5663313156E-05,0.025789242090313,45
116,36,29,5400,1,360290054001,Block Group 1,G5030,S,682194,86235,42.9379527,-78.8681782,150,36,29,5400,1,360290054001,1398,1124,143,5,66,0,15,45,60,1338,773,729,44,,,{3E998BBC-4D43-4433-B076-AEBA0632977B},8.4743244188E-05,0.051586763205421,54
178,36,29,16400,1,360290164001,Block Group 1,G5030,S,583224,21975,42.871514,-78.8662897,150,36,29,16400,1,360290164001,722,161,485,6,8,0,41,21,152,570,578,450,128,,,{715886D6-1163-474E-8150-B496B284A8BA},6.6672222208E-05,0.036669814198922,164
251,36,29,3400,5,360290034005,Block Group 5,G5030,S,773146,0,42.9185316,-78.835074,150,36,29,3400,5,360290034005,488,15,455,2,1,0,2,13,13,475,288,214,74,,,{A2BD6A53-4C8D-43FA-86B2-18FF33773B54},8.5238398714E-05,0.045524865276634,34
232,36,29,4100,4,360290041004,Block Group 4,G5030,S,364963,0,42.9258944,-78.8023262,150,36,29,4100,4,360290041004,1389,143,1196,5,6,0,7,32,41,1348,662,577,85,,,{C07C03AC-C9FA-4F89-A480-6ACB0E0F95A3},4.0237724703E-05,0.02804870771864,41
175,36,29,5400,2,360290054002,Block Group 2,G5030,S,432562,0,42.9418165,-78.8731472,150,36,29,5400,2,360290054002,910,634,183,5,18,0,38,32,90,820,566,486,80,,,{8A06C1AC-9F09-4BB2-8752-3EA0DE75FB03},4.7706860481E-05,0.030258807097025,54
143,36,29,1100,2,360290011002,Block Group 2,G5030,S,190696,0,42.859583,-78.8184021,150,36,29,1100,2,360290011002,824,775,15,8,4,0,4,18,50,774,380,348,32,,,{ADF9502D-0AFF-4C37-8465-EB177175CDAC},2.1004097866E-05,0.019240076701583,11
101,36,29,7102,1,360290071021,Block Group 1,G5030,S,603886,0,42.887468,-78.8835782,150,36,29,7102,1,360290071021,1366,374,720,13,9,0,199,51,469,897,824,549,275,,,{7B0B765E-F445-496A-A2B4-6E30BE561A85},6.6544121858E-05,0.044707096446561,71.02
228,36,29,200,4,360290002004,Block Group 4,G5030,S,235737,0,42.8537265,-78.8297754,150,36,29,200,4,360290002004,1008,823,74,7,11,1,56,36,191,817,491,406,85,,,{40DC2917-A4B8-463E-9155-C0B9432977FB},2.5962701436E-05,0.022619469883112,2
6,36,29,4900,3,360290049003,Block Group 3,G5030,S,135552,0,42.9461262,-78.8582588,150,36,29,4900,3,360290049003,779,554,150,5,9,0,9,52,33,746,397,364,33,,,{E8326D2C-697F-446B-9A6B-0CBEEAC9E691},1.4950853276E-05,0.015690829747344,49
35,36,29,17100,4,360290171004,Block Group 4,G5030,S,128518,0,42.9233678,-78.8933399,150,36,29,17100,4,360290171004,895,383,238,20,66,0,151,37,297,598,381,322,59,,,{0E6B7222-99FC-4662-8FE1-0A9C5843EB86},1.4170114515E-05,0.017032469997759,171
118,36,29,7000,2,360290070002,Block Group 2,G5030,S,633851,386530,42.8999014,-78.8994868,150,36,29,7000,2,360290070002,864,418,152,10,56,0,199,29,403,461,507,414,93,,,{864CE973-43CE-4BFE-A6D0-98C4D5A78DB2},6.8328545231E-05,0.044229622542953,70
88,36,29,4200,4,360290042004,Block Group 4,G5030,S,284872,0,42.932684,-78.8204165,150,36,29,4200,4,360290042004,517,29,455,1,6,0,7,19,24,493,232,200,32,,,{5E2025C2-2787-4912-A514-BACDB7985861},3.1415147297E-05,0.032731657208799,42
45,36,29,6301,1,360290063011,Block Group 1,G5030,S,134695,0,42.9260261,-78.8789935,150,36,29,6301,1,360290063011,1046,893,63,5,27,0,20,38,44,1002,559,510,49,,,{4673E02B-0F83-4F24-B74A-86B5BB8F224E},1.4851650487E-05,0.015633047930574,63.01
33,36,29,5900,3,360290059003,Block Group 3,G5030,S,247969,0,42.9408716,-78.900261,150,36,29,5900,3,360290059003,764,502,96,4,56,0,53,53,153,611,359,301,58,,,{BBF58E81-94E8-445A-80C1-DB4B3E6009D9},2.7347958449E-05,0.031026849740776,59
81,36,29,7101,4,360290071014,Block Group 4,G5030,S,154892,0,42.8961937,-78.8920045,150,36,29,7101,4,360290071014,830,278,291,10,19,0,199,33,509,321,338,294,44,,,{9CD56D86-91C6-4402-91F3-95BE791363AB},1.7070699574E-05,0.020818323794619,71.01
173,36,29,3301,4,360290033014,Block Group 4,G5030,S,160526,0,42.9176461,-78.851482,150,36,29,3301,4,360290033014,675,14,641,0,0,0,0,20,9,666,357,294,63,,,{341ED128-72B9-448C-8801-3793B36B86DA},1.7697479225E-05,0.020869760621379,33.01
92,36,29,17100,1,360290171001,Block Group 1,G5030,S,864538,380015,42.9260403,-78.903188,150,36,29,17100,1,360290171001,684,342,161,24,24,0,96,37,228,456,315,239,76,,,{3E587206-07B5-4D0A-987E-5B8A72890FBE},9.5328761043E-05,0.068688836235038,171
93,36,29,5802,4,360290058024,Block Group 4,G5030,S,221727,0,42.9578507,-78.8988384,150,36,29,5802,4,360290058024,1293,832,117,38,99,0,149,58,260,1033,535,486,49,,,{BE356F69-83CB-46C0-BC25-06D624F1825A},2.4460412254E-05,0.026301550206508,58.02
156,36,29,16600,1,360290166001,Block Group 1,G5030,S,298283,0,42.8943165,-78.8430401,150,36,29,16600,1,360290166001,577,45,518,3,2,0,3,6,14,563,383,240,143,,,{04BE869F-8423-4129-BD87-BA92326651A8},3.2872409069E-05,0.024549218166563,166
29,36,29,5600,3,360290056003,Block Group 3,G5030,S,644055,0,42.9466902,-78.8855352,150,36,29,5600,3,360290056003,1024,548,255,11,32,0,116,62,270,754,521,451,70,,,{3AA9B339-A1DD-424D-8216-0EA97695FFC3},7.1038238764E-05,0.067870483552894,56
160,36,29,2702,4,360290027024,Block Group 4,G5030,S,180086,0,42.8960282,-78.8371747,150,36,29,2702,4,360290027024,606,162,373,3,50,0,2,16,8,598,441,309,132,,,{7DD945FA-B433-413E-A638-FA1D28725D88},1.9846986511E-05,0.019832117026895,27.02
186,36,29,2502,2,360290025022,Block Group 2,G5030,S,747914,0,42.8918139,-78.8598232,150,36,29,2502,2,360290025022,1028,56,916,4,10,0,16,26,39,989,598,455,143,,,{CFAE9141-A9D8-4A54-8B03-CCB515503550},8.2420959738E-05,0.041633425598511,25.02
104,36,29,6201,1,360290062011,Block Group 1,G5030,S,477795,0,42.9341905,-78.883497,150,36,29,6201,1,360290062011,1549,834,527,8,55,1,70,54,199,1350,0,0,0,,,{98C8B956-FC68-4E9C-917D-44165BA41914},5.2689307022E-05,0.032068396913593,62.01
28,36,29,5600,2,360290056002,Block Group 2,G5030,S,1061073,0,42.9535335,-78.8872745,150,36,29,5600,2,360290056002,704,557,47,3,8,0,58,31,114,590,344,317,27,,,{ACC87889-5A9B-4A77-856E-9D0010842C32},0.000116934431545,0.063354913170265,56
64,36,29,6602,3,360290066023,Block Group 3,G5030,S,170920,0,42.9133343,-78.8674803,150,36,29,6602,3,360290066023,697,434,225,3,10,0,16,9,44,653,537,489,48,,,{FAE64223-42B0-4398-9168-D3E08DAF9C01},1.8842097848E-05,0.017740701580508,66.02
12,36,29,5100,1,360290051001,Block Group 1,G5030,S,553551,0,42.9565552,-78.8513522,150,36,29,5100,1,360290051001,1774,1370,281,18,26,0,33,46,114,1660,998,912,86,,,{BEA2D573-3DF6-408B-925F-2CD75F222650},6.0976168226E-05,0.0379969146144,51
146,36,29,1700,1,360290017001,Block Group 1,G5030,S,886352,0,42.8816577,-78.8331693,150,36,29,1700,1,360290017001,1131,845,217,7,20,0,4,38,46,1085,683,556,127,,,{34257ADC-61F6-47FF-974A-6343DFEFC2AF},9.766142213E-05,0.049124999500221,17
30,36,29,5700,1,360290057001,Block Group 1,G5030,S,520654,0,42.9546668,-78.8956303,150,36,29,5700,1,360290057001,740,394,212,21,3,1,82,27,258,482,366,306,60,,,{BE9A0A0C-89FF-4B43-9BF5-1EEB34175CA2},5.7430692572E-05,0.043961506945046,57
164,36,29,2900,3,360290029003,Block Group 3,G5030,S,226428,0,42.9067103,-78.8209698,150,36,29,2900,3,360290029003,343,10,319,0,0,0,0,14,1,342,268,153,115,,,{117A4F1D-0B06-4536-8169-5B7149980773},2.4958590269E-05,0.020046810269464,29
260,36,29,4300,2,360290043002,Block Group 2,G5030,S,140459,0,42.9430542,-78.8102771,150,36,29,4300,2,360290043002,925,111,741,3,29,0,10,31,28,897,389,338,51,,,{E4AF2CD9-5A6F-47D9-803E-7D309F1499F4},1.5491322423E-05,0.018115505109103,43
197,36,29,3400,2,360290034002,Block Group 2,G5030,S,182280,0,42.9183812,-78.8278115,150,36,29,3400,2,360290034002,503,10,477,0,8,0,4,4,12,491,329,228,101,,,{8A9A26FC-CA69-4702-AB9E-49BF75C777FF},2.0096013385E-05,0.020731378204732,34
109,36,29,16700,3,360290167003,Block Group 3,G5030,S,1553351,0,42.8787897,-78.8088073,150,36,29,16700,3,360290167003,889,778,61,3,8,0,12,27,27,862,488,409,79,,,{AA26C62A-C9CB-4802-B56E-9059E746D2A6},0.000171143832024,0.062100456296601,167
262,36,29,4401,3,360290044013,Block Group 3,G5030,S,359855,0,42.9350267,-78.8039137,150,36,29,4401,3,360290044013,1368,96,1218,0,4,1,14,35,29,1339,674,595,79,,,{EBE95199-17F5-446D-98BB-5C8239F3D2F6},3.9648676239E-05,0.031278727300732,44.01
179,36,29,1402,3,360290014023,Block Group 3,G5030,S,378090,0,42.8829095,-78.8636313,150,36,29,1402,3,360290014023,1286,95,1135,4,0,1,31,20,84,1202,607,571,36,,,{02586585-E1BF-4CED-B46A-CC7BE79E2E1E},4.1660262271E-05,0.029176153823369,14.02
254,36,29,4500,4,360290045004,Block Group 4,G5030,S,390571,0,42.9426595,-78.8395266,150,36,29,4500,4,360290045004,840,675,129,8,12,0,4,12,11,829,399,370,29,,,{BB4E9005-1095-4280-ADCD-48A40143F2A5},4.3076198066E-05,0.030260010118026,45
199,36,29,3500,1,360290035001,Block Group 1,G5030,S,333309,0,42.9062518,-78.8309998,150,36,29,3500,1,360290035001,410,28,360,0,0,0,8,14,24,386,251,172,79,,,{DC778316-5ACD-41C6-99A8-823BBC5A7BFB},3.6739381726E-05,0.033067966989305,35
68,36,29,6701,1,360290067011,Block Group 1,G5030,S,228137,0,42.9053114,-78.8799558,150,36,29,6701,1,360290067011,1221,921,203,11,31,0,30,25,69,1152,923,853,70,,,{866983A1-9AF5-401D-B2B5-319495FB1930},2.5146426115E-05,0.022917797412228,67.01
70,36,29,6702,1,360290067021,Block Group 1,G5030,S,255428,0,42.9079879,-78.869184,150,36,29,6702,1,360290067021,1023,663,254,8,45,0,23,30,72,951,697,636,61,,,{E27920F0-17E8-4B56-8BF6-B2B83388D9D9},2.8155760355E-05,0.022413174993058,67.02
34,36,29,5900,4,360290059004,Block Group 4,G5030,S,123666,0,42.9377902,-78.9014631,150,36,29,5900,4,360290059004,738,489,88,7,73,0,61,20,161,577,340,279,61,,,{4DD3C4B9-709E-4DD9-9B63-641EA3DBE731},1.3638214537E-05,0.017180851238476,59
244,36,29,3302,2,360290033022,Block Group 2,G5030,S,329371,0,42.9084592,-78.8458745,150,36,29,3302,2,360290033022,1086,130,922,3,7,0,8,16,22,1064,534,405,129,,,{27CDDB6E-6F6B-4BD0-BA8C-D2435CFEA444},3.6306996419E-05,0.025252265553882,33.02
121,36,29,110,1,360290001101,Block Group 1,G5030,S,665980,0,42.8357946,-78.8279675,150,36,29,110,1,360290001101,589,523,26,6,0,0,8,26,58,531,283,253,30,,,{EB04F3AD-B384-4065-AEB6-74B25D2706C2},7.322874301E-05,0.037992629394824,1.1
89,36,29,4300,6,360290043006,Block Group 6,G5030,S,213204,0,42.9401102,-78.8106721,150,36,29,4300,6,360290043006,965,71,866,2,4,0,1,21,19,946,415,340,75,,,{6532E15F-5DB8-4A50-A053-A7C9A3BFC689},2.3513608937E-05,0.021739516801202,43
279,36,29,4800,3,360290048003,Block Group 3,G5030,S,323785,0,42.9524711,-78.848022,150,36,29,4800,3,360290048003,1299,1151,84,8,25,0,18,13,82,1217,635,593,42,,,{10A9B035-D6BB-41AE-A4C9-D238E99A73A0},3.5716194618E-05,0.02675127076124,48
159,36,29,2702,2,360290027022,Block Group 2,G5030,S,227979,0,42.9009974,-78.8370189,150,36,29,2702,2,360290027022,536,38,418,2,67,0,1,10,5,531,341,234,107,,,{935EC316-3281-4D64-9D2E-4B6D245C00F9},2.5127285729E-05,0.020324374014886,27.02
246,36,29,3600,3,360290036003,Block Group 3,G5030,S,388148,0,42.9118878,-78.8201492,150,36,29,3600,3,360290036003,845,35,757,0,34,0,2,17,29,816,522,369,153,,,{2C66F9DB-89E0-434C-AC9F-50327F217F78},4.2788173102E-05,0.031180504043046,36
140,36,29,900,1,360290009001,Block Group 1,G5030,S,186524,0,42.8566811,-78.8204325,150,36,29,900,1,360290009001,632,590,22,1,1,1,5,12,37,595,299,283,16,,,{9CAF906C-9907-45FD-AE8C-09746656B941},2.0543774402E-05,0.019306894075005,9
126,36,29,600,1,360290006001,Block Group 1,G5030,S,345711,0,42.8417925,-78.8195813,150,36,29,600,1,360290006001,1825,1642,67,23,17,0,30,46,106,1719,853,777,76,,,{9790B2BB-78F1-45C3-84CE-51BFF48271A5},3.8067358303E-05,0.027243148267232,6
61,36,29,4001,1,360290040011,Block Group 1,G5030,S,284543,0,42.9377425,-78.8312259,150,36,29,4001,1,360290040011,922,21,860,3,0,0,8,30,35,887,494,422,72,,,{F7EC30F2-2D19-4E02-B0B5-6B572D881168},3.138004542E-05,0.024964981082757,40.01
9,36,29,5000,2,360290050002,Block Group 2,G5030,S,128604,0,42.9531151,-78.8714124,150,36,29,5000,2,360290050002,554,419,94,1,3,0,15,22,29,525,296,271,25,,,{C1F83D72-8E8D-40D0-9DD4-E643CFCA0AA4},1.4186250398E-05,0.018342070078232,50
50,36,29,6501,2,360290065012,Block Group 2,G5030,S,119428,0,42.9176792,-78.8818334,150,36,29,6501,2,360290065012,607,549,26,3,10,0,8,11,27,580,375,335,40,,,{44B5F915-E699-4FC6-BF93-3295B1003848},1.3166527819E-05,0.016504320741245,65.01
198,36,29,3500,3,360290035003,Block Group 3,G5030,S,347607,0,42.9112863,-78.8280428,150,36,29,3500,3,360290035003,1012,35,966,1,0,0,0,10,16,996,593,475,118,,,{EE83756E-62D6-479C-8D47-8CC0426826A7},3.8318649157E-05,0.029291594534798,35
267,36,29,4500,1,360290045001,Block Group 1,G5030,S,546899,0,42.9548835,-78.8404545,150,36,29,4500,1,360290045001,1041,684,251,6,24,0,25,51,89,952,531,492,39,,,{F332C703-C293-452C-896D-D9CE654A08C5},6.0293834447E-05,0.051498077761574,45
250,36,29,5202,2,360290052022,Block Group 2,G5030,S,315172,0,42.9247852,-78.8461212,150,36,29,5202,2,360290052022,1341,252,1032,3,8,0,7,39,34,1307,682,560,122,,,{885EA85E-0801-4A50-93BB-8649791D59F8},3.4750496006E-05,0.02964466817092,52.02
166,36,29,2900,4,360290029004,Block Group 4,G5030,S,216832,0,42.9056495,-78.8258087,150,36,29,2900,4,360290029004,678,40,594,4,12,0,20,8,27,651,454,301,153,,,{69E9559D-7738-4ED3-BF95-6CEBE142188A},2.390038944E-05,0.020110978647436,29
57,36,29,5700,2,360290057002,Block Group 2,G5030,S,251805,0,42.9471925,-78.9033726,150,36,29,5700,2,360290057002,928,629,107,34,26,0,65,67,200,728,455,384,71,,,{F4B1A65A-6260-4DB1-BA04-3E92B7087E06},2.7773736445E-05,0.027843240744077,57
72,36,29,6800,4,360290068004,Block Group 4,G5030,S,172571,0,42.8991993,-78.8759294,150,36,29,6800,4,360290068004,754,622,74,9,8,0,21,20,59,695,536,472,64,,,{6E262138-506D-4D04-A379-D6E6BC958449},1.9019727653E-05,0.021132877642843,68
210,36,29,1402,4,360290014024,Block Group 4,G5030,S,403057,0,42.8867798,-78.8596773,150,36,29,1402,4,360290014024,540,23,497,0,0,0,12,8,25,515,406,279,127,,,{49360BF0-E501-4B35-8E69-A43ADD7EAD75},4.4413752749E-05,0.034179101920785,14.02
7,36,29,5000,1,360290050001,Block Group 1,G5030,S,523790,0,42.947252,-78.8721237,150,36,29,5000,1,360290050001,1048,717,228,7,16,2,42,36,108,940,512,478,34,,,{5160E288-B491-4C1B-95E4-5D2C19DACE22},5.77736184E-05,0.037403562445475,50
44,36,29,6301,2,360290063012,Block Group 2,G5030,S,150016,0,42.9222548,-78.87916,150,36,29,6301,2,360290063012,685,624,21,2,12,0,9,17,37,648,414,375,39,,,{06B09A09-54F9-4244-A6E9-779508A959A9},1.6540020748E-05,0.016073912970861,63.01
75,36,29,6901,2,360290069012,Block Group 2,G5030,S,118676,0,42.9091617,-78.889912,150,36,29,6901,2,360290069012,771,302,180,6,146,1,100,36,256,515,339,270,69,,,{CDADAD63-686B-4BC0-8D66-239AE7E58811},1.3081926369E-05,0.016197779954904,69.01
32,36,29,5900,1,360290059001,Block Group 1,G5030,S,109711,0,42.9437637,-78.9038719,150,36,29,5900,1,360290059001,790,481,98,18,84,0,53,56,159,631,315,291,24,,,{D1C4270E-BE5F-4CD8-8205-F1CD6C1285E1},1.2100281806E-05,0.015505633998458,59
11,36,29,5100,4,360290051004,Block Group 4,G5030,S,185433,0,42.9511436,-78.8663189,150,36,29,5100,4,360290051004,967,631,253,2,12,0,17,52,62,905,466,421,45,,,{307746DD-8187-46F2-BF63-6126AB3B25AE},2.0454196358E-05,0.021029372019288,51
231,36,29,4100,3,360290041003,Block Group 3,G5030,S,163094,0,42.9254937,-78.8120745,150,36,29,4100,3,360290041003,706,27,655,1,2,1,8,12,14,692,332,304,28,,,{727D8075-64FD-4F14-B28A-3243F974581D},1.7982760939E-05,0.017653676083277,41
181,36,29,1402,2,360290014022,Block Group 2,G5030,S,150483,0,42.8835885,-78.855591,150,36,29,1402,2,360290014022,762,4,742,2,0,0,2,12,19,743,384,358,26,,,{A38DA6B0-8E39-4A61-B6C0-1EACA063A96C},1.6581201028E-05,0.017543841557795,14.02
180,36,29,1402,1,360290014021,Block Group 1,G5030,S,156981,0,42.8808795,-78.8565163,150,36,29,1402,1,360290014021,665,16,642,0,1,0,1,5,8,657,425,399,26,,,{50F26C17-3E20-4BEB-8203-A27B985A70BF},1.7296531224E-05,0.018769407116702,14.02
242,36,29,6800,3,360290068003,Block Group 3,G5030,S,210365,0,42.8981268,-78.8804331,150,36,29,6800,3,360290068003,930,712,95,17,16,0,60,30,165,765,586,477,109,,,{C32BCC6B-3AA7-4DEA-943C-AF7ABB921243},2.3184836321E-05,0.026622522404665,68
82,36,29,7101,2,360290071012,Block Group 2,G5030,S,166171,0,42.893512,-78.8901894,150,36,29,7101,2,360290071012,1076,326,415,5,0,0,303,27,648,428,599,539,60,,,{E7B7BF91-AEC9-496E-A304-866A847E0625},1.8312759967E-05,0.026756539209347,71.01
49,36,29,6501,3,360290065013,Block Group 3,G5030,S,100909,0,42.9178224,-78.8844916,150,36,29,6501,3,360290065013,748,495,125,23,33,0,43,29,127,621,362,303,59,,,{4C51B7B8-D93C-4264-8236-4AAD8DBEB050},1.1124967768E-05,0.01420199390857,65.01
83,36,29,1100,3,360290011003,Block Group 3,G5030,S,634162,84111,42.8645125,-78.8196725,150,36,29,1100,3,360290011003,918,812,49,8,3,1,15,30,53,865,495,427,68,,,{736A5F69-A932-4E57-B2B0-46F0AFCACE5D},7.9119600721E-05,0.044473184591511,11
141,36,29,1000,4,360290010004,Block Group 4,G5030,S,173554,0,42.8562543,-78.8133638,150,36,29,1000,4,360290010004,799,696,60,3,6,0,7,27,51,748,394,350,44,,,{6CB2B40D-9AE4-4E30-BC0D-090CAAA8B993},1.9115113904E-05,0.027519465346937,10
269,36,29,4500,6,360290045006,Block Group 6,G5030,S,195710,0,42.9488274,-78.8398188,150,36,29,4500,6,360290045006,589,438,105,6,5,1,26,8,40,549,241,230,11,,,{1848B273-43B1-4D94-A49E-71F1D25B2E48},2.1587206963E-05,0.022512415944953,45
113,36,29,16800,3,360290168003,Block Group 3,G5030,S,434027,0,42.9181276,-78.8577444,150,36,29,16800,3,360290168003,802,47,742,0,1,0,4,8,33,769,516,403,113,,,{117BED36-9C43-4602-8D8C-CB3CEC67816A},4.7850345507E-05,0.030863870875098,168
67,36,29,6701,3,360290067013,Block Group 3,G5030,S,167170,0,42.9096695,-78.8783203,150,36,29,6701,3,360290067013,1095,829,186,4,16,4,28,28,79,1016,810,715,95,,,{55360092-53ED-4090-B066-64D7D2419CEF},1.8427372711E-05,0.022955068386427,67.01
39,36,29,6100,5,360290061005,Block Group 5,G5030,S,143645,0,42.9180465,-78.8943221,150,36,29,6100,5,360290061005,1018,430,251,10,131,1,137,58,304,714,475,400,75,,,{01E24618-CDA2-4060-998A-F4907159C075},1.5836369559E-05,0.017281648018278,61
171,36,29,3100,1,360290031001,Block Group 1,G5030,S,476085,0,42.9008472,-78.8498868,150,36,29,3100,1,360290031001,637,24,592,0,1,0,2,18,16,621,406,297,109,,,{E3404DFD-A80D-4C75-9794-26B74B8B39BD},5.2472687335E-05,0.03121161360067,31
202,36,29,800,2,360290008002,Block Group 2,G5030,S,330782,0,42.8509388,-78.8214785,150,36,29,800,2,360290008002,1711,1523,51,8,11,1,62,55,163,1548,765,700,65,,,{A01AB953-0FD3-4D05-90E1-451FE170FDF2},3.6428698671E-05,0.028766264240385,8
204,36,29,1700,2,360290017002,Block Group 2,G5030,S,277479,0,42.8805454,-78.8418485,150,36,29,1700,2,360290017002,646,456,139,2,25,0,6,18,44,602,348,266,82,,,{4D2D37D2-DC2F-4599-B069-E7C10835208D},3.0573224324E-05,0.024674161631737,17
105,36,29,5500,4,360290055004,Block Group 4,G5030,S,334147,0,42.9386338,-78.8823235,150,36,29,5500,4,360290055004,896,549,153,11,93,0,23,67,102,794,433,399,34,,,{156CCB67-87D3-479B-94B7-6DB1F0A2226D},3.6850942501E-05,0.038693247823822,55
248,36,29,3302,3,360290033023,Block Group 3,G5030,S,268452,0,42.91329,-78.8490992,150,36,29,3302,3,360290033023,890,11,840,1,5,0,19,14,28,862,528,380,148,,,{B6291C33-C787-467B-97CF-63984CDB0512},2.9593838348E-05,0.02902865252641,33.02
19,36,29,5300,1,360290053001,Block Group 1,G5030,S,526191,0,42.9314373,-78.8527038,150,36,29,5300,1,360290053001,603,429,122,2,31,0,6,13,21,582,312,270,42,,,{BE0CB866-D8D7-4EAE-AE13-35758EE87972},5.8027723828E-05,0.069116746975381,53
274,36,29,4700,2,360290047002,Block Group 2,G5030,S,216058,0,42.9447954,-78.8179226,150,36,29,4700,2,360290047002,1199,150,999,3,16,0,7,24,44,1155,506,435,71,,,{80E7A386-66EA-4B81-8C87-FE199A926CBC},2.3830008392E-05,0.022701677782481,47
268,36,29,4500,2,360290045002,Block Group 2,G5030,S,343450,0,42.9426679,-78.8311874,150,36,29,4500,2,360290045002,860,141,665,6,10,0,12,26,21,839,476,430,46,,,{FC69A437-2EA4-4DC8-9A1C-EB97CC3E5572},3.7879593807E-05,0.02732668942093,45
191,36,29,6901,1,360290069011,Block Group 1,G5030,S,150352,0,42.9117276,-78.8883588,150,36,29,6901,1,360290069011,853,303,190,8,177,0,126,49,279,574,401,296,105,,,{13604635-0927-4634-A461-C2C742CEEF52},1.6574283278E-05,0.019310653248688,69.01
200,36,29,1000,3,360290010003,Block Group 3,G5030,S,962473,49645,42.8454357,-78.8019108,150,36,29,1000,3,360290010003,781,698,25,5,0,0,22,31,84,697,385,351,34,,,{E7A9CC35-ED12-46F9-8EF2-3D93EB1D3EA1},0.000109678841885,0.067024847608789,10
119,36,29,6100,1,360290061001,Block Group 1,G5030,S,495874,237517,42.9162785,-78.9009291,150,36,29,6100,1,360290061001,1210,600,248,26,143,1,147,45,384,826,601,455,146,,,{B01AEF0E-C7C2-4BCF-9249-45C43B6C55D9},5.4751159853E-05,0.050402525653118,61
31,36,29,5900,2,360290059002,Block Group 2,G5030,S,158256,0,42.941822,-78.9034902,150,36,29,5900,2,360290059002,744,425,145,15,47,0,61,51,156,588,344,298,46,,,{71A2F965-0CFF-4EC5-B1AD-07DB9F678B75},1.7453955947E-05,0.023524756803103,59
195,36,29,3500,2,360290035002,Block Group 2,G5030,S,252353,0,42.9121605,-78.8387154,150,36,29,3500,2,360290035002,772,23,715,3,0,0,8,23,29,743,459,343,116,,,{723ADE76-3484-4666-9CEE-869643D03F89},2.7818359034E-05,0.02991617079457,35
4,36,29,4900,4,360290049004,Block Group 4,G5030,S,123100,0,42.9453787,-78.8621752,150,36,29,4900,4,360290049004,719,570,108,2,8,0,15,16,69,650,367,341,26,,,{CE7D13C3-61C4-4588-A15A-1E2032F0BA5B},1.3577708659E-05,0.029739097869273,49
46,36,29,6301,5,360290063015,Block Group 5,G5030,S,107653,0,42.9269048,-78.8840655,150,36,29,6301,5,360290063015,830,535,197,6,25,0,44,23,82,748,406,373,33,,,{A74FCAC2-760D-48E2-AC62-C5D43440E3C8},1.1870172284E-05,0.016247400865785,63.01
264,36,29,4402,1,360290044021,Block Group 1,G5030,S,306791,0,42.9312138,-78.8035371,150,36,29,4402,1,360290044021,1679,33,1595,5,0,0,15,31,62,1617,808,737,71,,,{313E9CF3-CC21-4C74-902D-0E3DD8CBDA77},3.3802622584E-05,0.033547391412373,44.02
10,36,29,5400,3,360290054003,Block Group 3,G5030,S,272894,19348,42.9373089,-78.8751845,150,36,29,5400,3,360290054003,708,620,59,4,6,0,4,15,22,686,293,283,10,,,{15795E1D-935E-4E89-8F18-DA31E8D561FE},3.2228621407E-05,0.022116858410639,54
172,36,29,3301,3,360290033013,Block Group 3,G5030,S,183893,0,42.9158323,-78.8477334,150,36,29,3301,3,360290033013,1267,12,1199,2,1,0,18,35,40,1227,658,538,120,,,{D64E61EE-1FED-4C13-AF55-37824B4D2481},2.0273221259E-05,0.022498563196059,33.01
91,36,29,5100,2,360290051002,Block Group 2,G5030,S,221257,0,42.9554005,-78.8649479,150,36,29,5100,2,360290051002,624,379,178,6,3,0,28,30,87,537,434,371,63,,,{DAE6EEAC-9764-4B01-92A2-FFDFEBB9F064},2.4407566313E-05,0.027227791364309,51
258,36,29,4300,4,360290043004,Block Group 4,G5030,S,275455,0,42.9462308,-78.8010829,150,36,29,4300,4,360290043004,610,242,340,1,10,1,2,14,12,598,262,255,7,,,{17346F1E-D3CF-40F5-ABB7-0F6733F3EC50},2.7427135628E-05,0.021582320998033,43
256,36,29,4300,5,360290043005,Block Group 5,G5030,S,139241,0,42.9477911,-78.8103042,150,36,29,4300,5,360290043005,886,111,719,1,15,0,18,22,34,852,378,338,40,,,{185692AF-EE97-49D0-A959-3BA915CCD671},1.5358313117E-05,0.018102150560923,43
208,36,29,2502,1,360290025021,Block Group 1,G5030,S,353462,0,42.8949789,-78.8660753,150,36,29,2502,1,360290025021,1159,148,931,4,7,0,43,26,80,1079,494,475,19,,,{6D2D777A-8980-48A4-8E04-FF7F33BD4242},3.8954049574E-05,0.032261030384948,25.02
86,36,29,200,1,360290002001,Block Group 1,G5030,S,422645,0,42.857837,-78.827332,150,36,29,200,1,360290002001,925,770,55,16,17,0,36,31,104,821,456,390,66,,,{7D48B63F-804C-48FE-9382-29FFD6EC2C01},4.6550788948E-05,0.033423749412794,2
237,36,29,1900,3,360290019003,Block Group 3,G5030,S,134476,0,42.8702807,-78.8072929,150,36,29,1900,3,360290019003,740,676,29,5,1,0,15,14,34,706,389,348,41,,,{77D119B5-D122-4852-A424-417F80C02BEE},1.4814364324E-05,0.015708796913362,19
287,36,29,6702,3,360290067023,Block Group 3,G5030,S,345707,0,42.9081697,-78.8741875,150,36,29,6702,3,360290067023,985,765,148,7,21,0,13,31,61,924,727,626,101,,,{F71C25AA-A627-4758-A0EF-E804812C8BA5},3.8107328395E-05,0.025038748020109,67.02
275,36,29,4800,2,360290048002,Block Group 2,G5030,S,359764,0,42.9464001,-78.8467645,150,36,29,4800,2,360290048002,1208,1038,126,7,3,0,6,28,48,1160,632,577,55,,,{3E6F0366-D3D8-4CBB-AF25-C48A79C05BE5},3.96810985E-05,0.026409596280108,48
71,36,29,6702,2,360290067022,Block Group 2,G5030,S,190384,0,42.9034728,-78.8728601,150,36,29,6702,2,360290067022,1216,715,338,11,77,1,28,46,81,1135,1092,926,166,,,{6B8881F5-5895-496F-A4CC-7501E50B90B0},2.0984363583E-05,0.022142291148546,67.02
281,36,29,5900,5,360290059005,Block Group 5,G5030,S,578697,298165,42.9367456,-78.9048633,150,36,29,5900,5,360290059005,921,586,208,5,13,0,86,23,172,749,570,497,73,,,{14802BA9-8D5B-4CA2-9716-47B58807D233},6.6589851153E-05,0.05522218517813,59
158,36,29,16600,2,360290166002,Block Group 2,G5030,S,188946,0,42.9004675,-78.8409245,150,36,29,16600,2,360290166002,445,33,399,2,5,0,5,1,17,428,322,235,87,,,{14E12DB6-649C-4C54-A070-11B7C2C67DFD},2.0825017099E-05,0.019966623686111,166
65,36,29,6602,1,360290066021,Block Group 1,G5030,S,155930,0,42.9143061,-78.8732873,150,36,29,6602,1,360290066021,858,787,41,1,14,0,6,9,18,840,581,524,57,,,{8CEB4DF4-22CF-446D-9B91-FF4C3657BF6E},1.718985097E-05,0.019753102448335,66.02
73,36,29,6800,1,360290068001,Block Group 1,G5030,S,125252,0,42.9009889,-78.8785029,150,36,29,6800,1,360290068001,757,578,106,4,16,0,27,26,75,682,473,448,25,,,{F046FDA6-0EDF-4E69-8F5E-7F943AFAB006},1.3804819856E-05,0.015952180022487,68
155,36,29,2400,3,360290024003,Block Group 3,G5030,S,202830,0,42.8910905,-78.8053833,150,36,29,2400,3,360290024003,989,875,46,2,6,1,29,30,92,897,509,442,67,,,{A83F4A37-FCE1-496E-A39E-EE7358E66D6C},2.2351943456E-05,0.022124615106786,24
132,36,29,700,3,360290007003,Block Group 3,G5030,S,224668,0,42.8336714,-78.8045479,150,36,29,700,3,360290007003,600,579,7,0,6,0,6,2,15,585,264,255,9,,,{9080C47C-7439-436B-87DF-3B7599EC1750},2.4707677065E-05,0.023594146884956,7
80,36,29,7000,3,360290070003,Block Group 3,G5030,S,293223,0,42.9044322,-78.8950282,150,36,29,7000,3,360290070003,1163,568,296,16,102,0,136,45,307,856,506,414,92,,,{7FA129CB-78CE-4660-B269-22CD06DA3564},3.2319847634E-05,0.027759908935827,70
230,36,29,4100,1,360290041001,Block Group 1,G5030,S,315836,0,42.9264836,-78.8166414,150,36,29,4100,1,360290041001,1363,49,1267,7,9,0,6,25,39,1324,695,546,149,,,{6A06E611-9E79-450F-97B8-47F3C480DB57},3.4825080732E-05,0.027539845917026,41
107,36,29,16400,3,360290164003,Block Group 3,G5030,S,844525,0,42.8758555,-78.8501937,150,36,29,16400,3,360290164003,643,365,203,2,8,0,52,13,107,536,369,286,83,,,{325A8719-B723-4223-97CD-7630E4417C74},9.3043833208E-05,0.039835180983518,164
123,36,29,200,3,360290002003,Block Group 3,G5030,S,361705,0,42.8473445,-78.8277534,150,36,29,200,3,360290002003,1201,1084,33,8,13,0,41,22,139,1062,558,513,45,,,{3926B319-6118-4068-99B7-F3CEC7705CEF},3.9832079528E-05,0.027078156409936,2
229,36,29,1000,2,360290010002,Block Group 2,G5030,S,186771,0,42.854238,-78.8042834,150,36,29,1000,2,360290010002,671,575,52,6,8,0,16,14,47,624,284,245,39,,,{ED0010F2-8BD9-46A8-86CD-6EF8ED29BDCE},2.0569860251E-05,0.018953942400323,10
90,36,29,4602,1,360290046021,Block Group 1,G5030,S,1213159,0,42.954454,-78.8143912,150,36,29,4602,1,360290046021,1374,712,179,1,396,2,36,48,79,1295,1,1,0,,,{03788E61-5CFC-44A1-B9B6-1205BB7A3BD7},0.000130953409906,0.057834350194097,46.02
37,36,29,17100,3,360290171003,Block Group 3,G5030,S,128692,0,42.9238879,-78.8897782,150,36,29,17100,3,360290171003,1126,378,439,7,91,11,144,56,281,845,464,375,89,,,{CFC166F1-2416-4466-9EEF-A33757A8E1FE},1.4189275301E-05,0.01765267336192,171
60,36,29,4001,2,360290040012,Block Group 2,G5030,S,285574,0,42.9323451,-78.833852,150,36,29,4001,2,360290040012,840,48,751,1,6,0,3,31,20,820,455,359,96,,,{CC7A77DF-A7F1-4891-ADBF-3B2235A1B5F9},3.1490907665E-05,0.03142777905037,40.01
201,36,29,1000,5,360290010005,Block Group 5,G5030,S,516031,0,42.8578999,-78.8054752,150,36,29,1000,5,360290010005,2156,1857,138,24,7,0,57,73,182,1974,1031,890,141,,,{C7D5F42D-F945-4293-A1A0-82D814C4F601},5.4981706948E-05,0.036737519268736,10
240,36,29,3100,4,360290031004,Block Group 4,G5030,S,419810,0,42.9002774,-78.8663571,150,36,29,3100,4,360290031004,504,44,426,2,11,4,10,7,28,476,261,253,8,,,{6EDEF801-EBAE-418A-BE06-1772E792F8B0},4.6269889617E-05,0.027507249752609,31
17,36,29,5202,1,360290052021,Block Group 1,G5030,S,263556,0,42.9244384,-78.8520135,150,36,29,5202,1,360290052021,1576,1018,485,2,19,1,19,32,65,1511,399,363,36,,,{C37435B5-F50D-4025-B326-C0E5645300C3},2.9059223019E-05,0.026064973887937,52.02
259,36,29,4300,7,360290043007,Block Group 7,G5030,S,109032,0,42.9432112,-78.8052273,150,36,29,4300,7,360290043007,612,97,481,1,14,0,5,14,22,590,289,250,39,,,{1DEA9C5A-24C6-438C-B6BA-FA6370C1B294},1.2025299027E-05,0.013710726321377,43
69,36,29,6701,2,360290067012,Block Group 2,G5030,S,163169,0,42.9090329,-78.8837552,150,36,29,6701,2,360290067012,1038,523,195,8,141,0,117,54,235,803,619,506,113,,,{68BD9A34-819D-4087-A341-E035C9251676},1.7986468235E-05,0.019361878265728,67.01
217,36,29,3600,1,360290036001,Block Group 1,G5030,S,427668,0,42.9181597,-78.8157114,150,36,29,3600,1,360290036001,711,41,652,0,0,0,3,15,9,702,346,264,82,,,{FDD35EBA-9EE0-40EF-B937-5114CE1F5C0A},4.7149361511E-05,0.03338994968113,36
42,36,29,6301,4,360290063014,Block Group 4,G5030,S,191449,0,42.9237203,-78.8851867,150,36,29,6301,4,360290063014,1424,943,209,19,77,6,93,77,219,1205,684,592,92,,,{0D21ECD0-4C25-4760-ACCE-EDB0B174CB04},2.1108658769E-05,0.024039493667424,63.01
98,36,29,7101,1,360290071011,Block Group 1,G5030,S,105763,0,42.8982097,-78.8841667,150,36,29,7101,1,360290071011,662,339,120,5,26,2,134,36,353,309,409,279,130,,,{8D2CEEAB-7B20-4E87-A1B2-A820C593C662},1.1656461683E-05,0.016114899470746,71.01
111,36,29,16800,1,360290168001,Block Group 1,G5030,S,465467,0,42.9068994,-78.858131,150,36,29,16800,1,360290168001,900,22,844,0,6,0,13,15,34,866,578,394,184,,,{2687695F-3100-43B9-9CDE-1254ED6D1DE4},5.1307363847E-05,0.029576219211445,168
188,36,29,3400,3,360290034003,Block Group 3,G5030,S,164633,0,42.9168928,-78.8412366,150,36,29,3400,3,360290034003,572,18,540,1,0,0,5,8,13,559,352,245,107,,,{B13987B1-5B6B-4838-8BCB-61D754D8A7CA},1.8150109078E-05,0.019281507895793,34
100,36,29,7102,2,360290071022,Block Group 2,G5030,S,170756,0,42.8914581,-78.8799461,150,36,29,7102,2,360290071022,700,417,89,2,3,1,155,33,287,413,501,413,88,,,{18381512-93EC-4A6A-AB9D-372FD56D44FF},1.8817523084E-05,0.019132289581637,71.02
151,36,29,2300,1,360290023001,Block Group 1,G5030,S,196160,0,42.8872718,-78.8016325,150,36,29,2300,1,360290023001,871,759,64,5,9,0,15,19,65,806,448,398,50,,,{089EE4FB-3870-4327-AD18-BE9973F5AD7E},2.1577289106E-05,0.019041105315515,23
8,36,29,5000,3,360290050003,Block Group 3,G5030,S,643821,0,42.953897,-78.8747441,150,36,29,5000,3,360290050003,807,602,123,10,13,0,21,38,58,749,439,402,37,,,{6D1C2639-25F7-4DB6-8BB7-E52C21D7A0F9},7.0967619081E-05,0.044038993372183,50
216,36,29,3600,2,360290036002,Block Group 2,G5030,S,157661,0,42.9195811,-78.8229727,150,36,29,3600,2,360290036002,560,29,509,1,0,0,2,19,14,546,332,277,55,,,{7B9F7856-C581-451C-8D65-24FB328DE8EE},1.7382185834E-05,0.017813085031285,36
15,36,29,5201,2,360290052012,Block Group 2,G5030,S,170217,0,42.9373714,-78.8447695,150,36,29,5201,2,360290052012,618,501,69,0,18,0,1,29,29,589,330,296,34,,,{72B737AB-3B64-4AEE-9486-92E8B2419658},1.8771824458E-05,0.020893330894307,52.01
127,36,29,600,2,360290006002,Block Group 2,G5030,S,282964,0,42.8386306,-78.8176045,150,36,29,600,2,360290006002,935,920,3,8,1,0,1,2,21,914,437,417,20,,,{32CAEC93-54F6-4549-9902-F51485D9AF79},3.1156446447E-05,0.030650395527937,6
255,36,29,4200,2,360290042002,Block Group 2,G5030,S,168802,0,42.9350993,-78.8158424,150,36,29,4200,2,360290042002,775,27,670,7,36,0,4,31,21,754,346,307,39,,,{30428E98-5193-428C-BE92-4CD14B12DF3C},1.8615051879E-05,0.017955436121512,42
225,36,29,3800,1,360290038001,Block Group 1,G5030,S,227317,0,42.9208965,-78.8024991,150,36,29,3800,1,360290038001,1348,183,1121,2,6,0,13,23,41,1307,566,491,75,,,{5F20EF84-CB30-470F-B9F5-3204AAC3C7B5},2.5062194374E-05,0.02098223625681,38
142,36,29,1100,1,360290011001,Block Group 1,G5030,S,574859,42767,42.8614268,-78.8084641,150,36,29,1100,1,360290011001,1412,1270,74,14,9,0,11,34,108,1304,700,623,77,,,{D4DBFCE3-6FEB-4A00-9D6D-DC7D03135F94},6.7693582247E-05,0.039704446462643,11
149,36,29,2300,4,360290023004,Block Group 4,G5030,S,221285,0,42.8880572,-78.812815,150,36,29,2300,4,360290023004,1095,942,83,11,10,0,14,35,54,1041,579,505,74,,,{F5C64AAC-6D2E-44D8-A15D-57A8CAD5C84A},2.4384313068E-05,0.029262907401991,23
3,36,29,4900,5,360290049005,Block Group 5,G5030,S,234638,0,42.9470893,-78.8644108,150,36,29,4900,5,360290049005,1374,936,295,19,14,0,40,70,133,1241,704,641,63,,,{D896D924-CB44-4B70-AA30-D0F4AAB39ABA},2.5880624837E-05,0.030456721548811,49
221,36,29,3700,1,360290037001,Block Group 1,G5030,S,226582,0,42.9188715,-78.8067542,150,36,29,3700,1,360290037001,1117,107,969,0,7,0,14,20,27,1090,476,423,53,,,{3D78160B-8115-4220-99FB-E9239661276F},2.4980327671E-05,0.023826961650845,37
245,36,29,2800,4,360290028004,Block Group 4,G5030,S,386105,0,42.9023181,-78.8165014,150,36,29,2800,4,360290028004,761,165,508,2,43,0,0,43,27,734,401,290,111,,,{C974665B-9853-48A3-BE7E-85B8363AC1C7},4.2556279518E-05,0.032460129599216,28
233,36,29,4100,2,360290041002,Block Group 2,G5030,S,241657,0,42.9255166,-78.8081096,150,36,29,4100,2,360290041002,1039,71,916,5,12,0,3,32,21,1018,526,474,52,,,{6FFEE9BF-9248-46F7-BEA2-1495BF7C188C},2.6645249542E-05,0.020705423170973,41
36,36,29,17100,2,360290171002,Block Group 2,G5030,S,143281,0,42.9265922,-78.8904598,150,36,29,17100,2,360290171002,913,436,195,26,111,0,98,47,226,687,409,322,87,,,{F2D644F9-9DFE-4046-920D-18861DE6232A},1.5798564982E-05,0.020184739947954,171
147,36,29,16300,2,360290163002,Block Group 2,G5030,S,1567788,0,42.8777683,-78.8224392,150,36,29,16300,2,360290163002,629,452,108,20,8,0,14,27,55,574,321,257,64,,,{60D74EEF-E2F0-45F6-8320-AD9DC719BBA8},0.000172733521971,0.053664521331871,163
117,36,29,6902,1,360290069021,Block Group 1,G5030,S,262094,0,42.9052265,-78.8850052,150,36,29,6902,1,360290069021,1623,765,315,32,294,0,142,75,333,1290,817,677,140,,,{A763DA3A-BBA6-431D-8E8A-4A9868FC11D3},2.8889221611E-05,0.023362215385763,69.02
129,36,29,600,4,360290006004,Block Group 4,G5030,S,279389,0,42.8333768,-78.8182429,150,36,29,600,4,360290006004,942,836,52,4,11,0,15,24,53,889,451,414,37,,,{8B690090-EEC1-4E20-A631-2710E6308069},3.0751344743E-05,0.028194813566644,6
128,36,29,600,3,360290006003,Block Group 3,G5030,S,255840,0,42.8359653,-78.8180672,150,36,29,600,3,360290006003,1050,994,23,2,6,0,6,19,37,1013,486,453,33,,,{A813DF58-898B-4436-9322-B798345E1425},2.8168701837E-05,0.027947652281571,6
38,36,29,6100,2,360290061002,Block Group 2,G5030,S,133908,0,42.9190678,-78.8892313,150,36,29,6100,2,360290061002,903,423,269,27,47,2,99,36,276,627,383,324,59,,,{91863731-0C5D-4DE2-B8C4-7740F1F3C715},1.4763303795E-05,0.016834885968356,61
133,36,29,700,4,360290007004,Block Group 4,G5030,S,267788,0,42.8352274,-78.8099829,150,36,29,700,4,360290007004,1082,1011,29,1,9,0,17,15,45,1037,482,452,30,,,{06B6C4E2-9490-4B9C-881A-07581182553D},2.9483874718E-05,0.023233215377623,7
213,36,29,2800,2,360290028002,Block Group 2,G5030,S,341491,0,42.8975132,-78.8231762,150,36,29,2800,2,360290028002,625,192,372,5,6,0,10,40,23,602,450,263,187,,,{B0FB6F26-0B15-4552-8715-B6E165E8EADA},3.7635989483E-05,0.034941226805629,28
211,36,29,1500,2,360290015002,Block Group 2,G5030,S,544635,0,42.8875748,-78.8493169,150,36,29,1500,2,360290015002,912,35,836,0,1,0,13,27,45,867,587,432,155,,,{A6E34AB8-079D-4610-8BDD-CFCFB0A16744},6.0015401388E-05,0.035227620254087,15
53,36,29,16900,1,360290169001,Block Group 1,G5030,S,157182,0,42.9194854,-78.8722752,150,36,29,16900,1,360290169001,898,802,49,2,20,0,9,16,41,857,581,506,75,,,{4CF95818-111A-454A-A3E3-754C36610CE5},1.7329370058E-05,0.021921222445387,169
183,36,29,1900,1,360290019001,Block Group 1,G5030,S,791663,0,42.8682766,-78.8125259,150,36,29,1900,1,360290019001,1284,1188,43,1,9,0,15,28,60,1224,665,582,83,,,{13C75665-DDBD-4A1B-96AB-467BA35AE184},8.7210013804E-05,0.049906670640761,19
48,36,29,6302,2,360290063022,Block Group 2,G5030,S,276752,0,42.922339,-78.8729285,150,36,29,6302,2,360290063022,1162,1018,74,12,25,0,5,28,62,1100,576,521,55,,,{9BDDDB71-6C5B-4FA3-B523-481F36CD4365},3.0513391984E-05,0.031093130694025,63.02
214,36,29,1900,2,360290019002,Block Group 2,G5030,S,294157,0,42.8686845,-78.8022516,150,36,29,1900,2,360290019002,1065,1033,3,6,9,0,11,3,35,1030,571,524,47,,,{9552B26C-BCC2-49B9-A5F5-C8AFAA6A3710},3.2025626593E-05,0.024285919868312,19
13,36,29,5201,1,360290052011,Block Group 1,G5030,S,243021,0,42.9408833,-78.8480016,150,36,29,5201,1,360290052011,868,749,79,5,17,0,3,15,24,844,408,383,25,,,{815FAD37-3A0C-4510-B6A0-BDEB01BC1BAC},2.6802405463E-05,0.023226497034856,52.01
2,36,29,4900,1,360290049001,Block Group 1,G5030,S,283745,0,42.9530281,-78.8580785,150,36,29,4900,1,360290049001,1504,1201,213,17,12,0,17,44,62,1442,779,720,59,,,{FBDDA63E-845C-4248-8003-7EFD27D106B9},3.1299596101E-05,0.026361036804502,49
51,36,29,6501,1,360290065011,Block Group 1,G5030,S,144871,0,42.9179035,-78.8786704,150,36,29,6501,1,360290065011,873,754,36,6,36,0,16,25,49,824,482,446,36,,,{C0F811E8-5D8C-4521-B325-87C2897D694A},1.5971680228E-05,0.016277657775073,65.01
226,36,29,17000,1,360290170001,Block Group 1,G5030,S,353501,0,42.9258161,-78.8215118,150,36,29,17000,1,360290170001,1038,37,959,2,0,0,7,33,18,1020,516,427,89,,,{EFD84F66-3020-4DF8-BA7C-AD54598088A1},3.8977274473E-05,0.028447749735642,170
102,36,29,6302,1,360290063021,Block Group 1,G5030,S,625615,0,42.9295322,-78.8723084,150,36,29,6302,1,360290063021,840,798,11,6,4,0,5,16,33,807,415,370,45,,,{BBE937DF-CBE7-4231-87D6-8DF9E6F6C9E0},6.8985236611E-05,0.035886499440608,63.02
219,36,29,3700,3,360290037003,Block Group 3,G5030,S,140239,0,42.9114348,-78.8122369,150,36,29,3700,3,360290037003,325,52,263,1,1,0,2,6,7,318,194,131,63,,,{4D1F6C5A-BD13-4259-BCA9-BA34B73778AC},1.5459393108E-05,0.017842664135588,37
187,36,29,3302,4,360290033024,Block Group 4,G5030,S,159236,0,42.9054204,-78.8514459,150,36,29,3302,4,360290033024,527,14,507,1,0,0,1,4,3,524,347,281,66,,,{5D0B31F3-4BF9-4B0B-A0CA-3359CAAD8A6C},1.7551718606E-05,0.019048027558986,33.02
24,36,29,5600,5,360290056005,Block Group 5,G5030,S,95247,0,42.9495567,-78.8828782,150,36,29,5600,5,360290056005,601,443,99,9,19,0,10,21,64,537,316,282,34,,,{984845A3-5E94-47E1-AA23-6FC886589FF1},1.0506166157E-05,0.01305305089778,56
257,36,29,4300,3,360290043003,Block Group 3,G5030,S,151004,0,42.9454271,-78.8102959,150,36,29,4300,3,360290043003,1012,94,845,3,16,0,17,37,43,969,419,342,77,,,{34AF7401-47EA-4130-940E-1EFA5B7A6060},1.6655089064E-05,0.01846532020537,43
43,36,29,6301,3,360290063013,Block Group 3,G5030,S,147597,0,42.9219704,-78.8831335,150,36,29,6301,3,360290063013,724,615,63,0,16,0,17,13,52,672,388,362,26,,,{15ADD7B2-6C40-48A0-9058-9D02B4493C36},1.6273317087E-05,0.017961788944402,63.01
168,36,29,3000,2,360290030002,Block Group 2,G5030,S,1019778,0,42.9018907,-78.80599,150,36,29,3000,2,360290030002,1146,256,746,10,66,0,41,27,99,1047,622,512,110,,,{02F5EAF2-C732-490F-BD7A-D00D613972FB},0.000111608849144,0.050175195692751,30
283,36,29,5801,3,360290058013,Block Group 3,G5030,S,108804,0,42.9582844,-78.9063051,150,36,29,5801,3,360290058013,748,536,80,25,25,0,42,40,139,609,351,314,37,,,{700DFCB8-9BC3-46A7-912B-09A04A452DEB},1.2002628903E-05,0.014393960069334,58.01
76,36,29,6902,3,360290069023,Block Group 3,G5030,S,140803,0,42.9049208,-78.8895645,150,36,29,6902,3,360290069023,692,344,120,7,85,0,109,27,237,455,384,304,80,,,{31722F99-1C88-478D-839A-CF6EF521BC68},1.5519858503E-05,0.016124467626903,69.02
265,36,29,4402,2,360290044022,Block Group 2,G5030,S,281978,0,42.930402,-78.8101136,150,36,29,4402,2,360290044022,1003,25,929,4,1,0,30,14,60,943,467,433,34,,,{FBCECB7C-9E9E-43B9-86FB-C56B3127FC0F},3.1093334493E-05,0.02601038841592,44.02
62,36,29,7202,1,360290072021,Block Group 1,G5030,S,1003208,999478,42.8918303,-78.8953198,150,36,29,7202,1,360290072021,1639,1015,345,6,33,0,178,62,432,1207,1000,908,92,,,{7725DD95-CB12-49EA-948F-C773F9991963},0.000120133496445,0.10358588733297,72.02
284,36,29,5700,3,360290057003,Block Group 3,G5030,S,184386,0,42.9513965,-78.8996424,150,36,29,5700,3,360290057003,1255,869,185,13,19,0,109,60,333,922,524,478,46,,,{9C7038EB-206A-41AD-A93C-AB6321E87A66},2.0338912345E-05,0.02200256677792,57
52,36,29,6501,4,360290065014,Block Group 4,G5030,S,107730,0,42.9177769,-78.8868854,150,36,29,6501,4,360290065014,655,288,160,16,103,0,54,34,134,521,359,273,86,,,{465DF2F7-59A4-499A-BC5A-D005B3B1C308},1.1877092735E-05,0.014841387771614,65.01
182,36,29,1600,3,360290016003,Block Group 3,G5030,S,128578,0,42.8921624,-78.8336449,150,36,29,1600,3,360290016003,372,73,225,3,45,4,2,20,7,365,287,159,128,,,{B38494A9-3114-4795-B47C-0E8CC235E94C},1.4169586983E-05,0.015018938465753,16
192,36,29,3400,4,360290034004,Block Group 4,G5030,S,210862,0,42.9133887,-78.8340191,150,36,29,3400,4,360290034004,459,6,429,4,1,0,0,19,4,455,275,212,63,,,{57205D02-6953-4A0D-A04F-EAABA80C59F7},2.3245187582E-05,0.024654920626646,34
120,36,29,110,4,360290001104,Block Group 4,G5030,S,381651,0,42.8425577,-78.8280586,150,36,29,110,4,360290001104,1372,1176,46,9,8,1,84,48,205,1167,607,554,53,,,{61D145FB-AB2E-4D26-98E8-7C565C4801DE},4.2025289136E-05,0.026977933858536,1.1
59,36,29,4001,4,360290040014,Block Group 4,G5030,S,473836,0,42.9300794,-78.8400903,150,36,29,4001,4,360290040014,684,35,611,0,10,0,2,26,24,660,374,296,78,,,{B13438D0-E1F4-46F6-8ECE-B9017A57B5AF},5.2249270654E-05,0.038254870099612,40.01
56,36,29,6601,3,360290066013,Block Group 3,G5030,S,104012,0,42.9128614,-78.8853958,150,36,29,6601,3,360290066013,730,316,153,20,148,0,55,38,196,534,347,276,71,,,{C59E067C-4188-4BEF-B5FD-AC071BDF699C},1.1466088559E-05,0.019439212983007,66.01
136,36,29,800,3,360290008003,Block Group 3,G5030,S,385674,0,42.8478085,-78.8152764,150,36,29,800,3,360290008003,1493,1370,21,6,14,0,44,38,100,1393,674,630,44,,,{4063F8FB-B9F5-4B6D-B835-49457905F004},4.2471928952E-05,0.027944501428673,8
1,36,29,4800,1,360290048001,Block Group 1,G5030,S,304285,0,42.9474809,-78.8521515,150,36,29,4800,1,360290048001,1312,1086,137,9,22,4,23,31,68,1244,647,600,47,,,{343DC2D3-4350-4C0E-9634-FFB7AF552B16},3.3562394679E-05,0.027030804163647,48
54,36,29,16900,2,360290169002,Block Group 2,G5030,S,231774,0,42.9169992,-78.873012,150,36,29,16900,2,360290169002,705,623,48,2,19,0,2,11,20,685,486,426,60,,,{D2828A4C-D429-48F8-877E-20B65E0C4118},2.5552202721E-05,0.022406610104509,169
207,36,29,6800,2,360290068002,Block Group 2,G5030,S,357576,0,42.8976385,-78.8728188,150,36,29,6800,2,360290068002,939,645,213,7,22,0,21,31,65,874,811,642,169,,,{7B7BE035-BB14-47C6-8055-968066EBCD34},3.9409053784E-05,0.029825810082903,68
112,36,29,16800,4,360290168004,Block Group 4,G5030,S,408133,0,42.9125673,-78.8583172,150,36,29,16800,4,360290168004,832,55,748,5,2,1,6,15,32,800,458,336,122,,,{1D480233-F504-421E-979A-385B0436998F},4.49916715E-05,0.028226578475743,168
272,36,29,4700,5,360290047005,Block Group 5,G5030,S,268873,0,42.9497197,-78.8270647,150,36,29,4700,5,360290047005,1500,789,502,9,109,0,33,58,91,1409,670,619,51,,,{F3323AC6-7A0F-448C-A2CA-E04C762B21F4},2.9657555133E-05,0.027029888059994,47
277,36,29,4601,3,360290046013,Block Group 3,G5030,S,277790,0,42.9563385,-78.8240273,150,36,29,4601,3,360290046013,987,655,141,0,160,0,4,27,29,958,441,428,13,,,{B2911C00-EA0E-40FF-863A-3A7AD51F8E89},3.0412962895E-05,0.026447369470516,46.01
27,36,29,5600,4,360290056004,Block Group 4,G5030,S,202298,0,42.9475831,-78.8908777,150,36,29,5600,4,360290056004,1203,450,459,1,52,0,194,47,383,820,513,436,77,,,{79544A88-A5C6-4C20-931C-F46FC3DB87CD},2.2313229819E-05,0.029095544649314,56
177,36,29,4401,1,360290044011,Block Group 1,G5030,S,187168,0,42.9388974,-78.8065958,150,36,29,4401,1,360290044011,843,60,748,1,10,0,0,24,14,829,385,346,39,,,{9532A218-3D8B-43DB-BED2-5B2F67BF0801},2.0641597011E-05,0.024914693043401,44.01
25,36,29,5500,3,360290055003,Block Group 3,G5030,S,707881,0,42.9371556,-78.8942761,150,36,29,5500,3,360290055003,1138,694,228,16,43,0,91,66,204,934,554,451,103,,,{E6ACB7D8-3874-4C98-83E9-4110081223C1},7.806587832E-05,0.044782523195967,55
238,36,29,2400,6,360290024006,Block Group 6,G5030,S,344349,0,42.8948638,-78.8018003,150,36,29,2400,6,360290024006,902,833,33,6,15,0,8,7,47,855,500,430,70,,,{5BCFF501-07CE-4321-AFB4-EB55B625C1A1},3.7772145447E-05,0.028225643426306,24
137,36,29,800,4,360290008004,Block Group 4,G5030,S,176414,0,42.8436583,-78.8102282,150,36,29,800,4,360290008004,574,561,3,4,1,0,3,2,13,561,258,240,18,,,{65C769A7-417A-4B62-A84C-FF8FAC7386E0},1.9426161733E-05,0.024983671272437,8
22,36,29,5500,1,360290055001,Block Group 1,G5030,S,319495,0,42.9425659,-78.8839382,150,36,29,5500,1,360290055001,939,627,156,11,57,1,38,49,130,809,500,421,79,,,{18E3D6A0-C066-4CCC-A9C3-723EF7327050},3.5237104496E-05,0.032841317738313,55
193,36,29,5801,2,360290058012,Block Group 2,G5030,S,214459,0,42.9627388,-78.9018045,150,36,29,5801,2,360290058012,938,727,70,20,18,4,58,41,204,734,461,424,37,,,{6868E1EC-24A1-45D2-B1B7-DBB21540BFDF},2.3439198465E-05,0.02487179785554,58.01
282,36,29,5801,1,360290058011,Block Group 1,G5030,S,368009,0,42.9610734,-78.8979506,150,36,29,5801,1,360290058011,1680,1280,144,39,74,0,82,61,289,1391,713,655,58,,,{0AFE4C20-2FB8-4820-8B97-AF602F22E39E},4.0159857559E-05,0.031783369783897,58.01
5,36,29,4900,2,360290049002,Block Group 2,G5030,S,344570,0,42.9495966,-78.8581038,150,36,29,4900,2,360290049002,1607,1334,170,9,14,0,33,47,103,1504,892,810,82,,,{D06ED43B-EC89-4B73-A66B-3C70D9041752},3.8007142132E-05,0.027739174995289,49
215,36,29,3600,4,360290036004,Block Group 4,G5030,S,285302,0,42.9180728,-78.8205,150,36,29,3600,4,360290036004,492,61,412,0,11,0,1,7,49,443,203,169,34,,,{1AAE636A-74FC-4E1F-8D69-0DE5DC1E943D},3.1453753022E-05,0.028009838545399,36
239,36,29,2400,1,360290024001,Block Group 1,G5030,S,368395,0,42.8931553,-78.8203412,150,36,29,2400,1,360290024001,599,219,351,3,2,0,2,22,28,571,414,252,162,,,{18320980-4EA0-4C5D-B21D-0852971B05E7},4.0598590895E-05,0.035291301553468,24
131,36,29,700,2,360290007002,Block Group 2,G5030,S,200001,0,42.8373178,-78.8040817,150,36,29,700,2,360290007002,813,792,5,2,2,0,8,4,14,799,373,346,27,,,{DA10B5EB-73D0-4D7C-BD20-E97675408C9F},2.1993563945E-05,0.019718653222725,7
243,36,29,3500,4,360290035004,Block Group 4,G5030,S,605592,17591,42.9068754,-78.8404356,150,36,29,3500,4,360290035004,1117,15,1076,1,0,0,4,21,25,1092,680,500,180,,,{632E6877-D18F-418C-A78A-76EF1D7AFE6F},6.8692282724E-05,0.039679770302027,35
63,36,29,6601,1,360290066011,Block Group 1,G5030,S,97983,0,42.9142218,-78.8842233,150,36,29,6601,1,360290066011,631,332,143,10,39,1,83,23,187,444,356,284,72,,,{64D71DC4-074F-4CCD-8B0B-C614E94DCB8E},1.0801673758E-05,0.014212581822297,66.01
139,36,29,900,2,360290009002,Block Group 2,G5030,S,181389,0,42.85386,-78.8159487,150,36,29,900,2,360290009002,822,775,10,14,4,0,8,11,33,789,381,354,27,,,{6D6BCD9D-3698-4D9A-9A3F-4B98421F1F82},1.9977226938E-05,0.027575975650898,9
74,36,29,6901,3,360290069013,Block Group 3,G5030,S,203371,0,42.9114443,-78.8948989,150,36,29,6901,3,360290069013,1372,581,320,10,161,0,239,61,590,782,638,481,157,,,{F507710C-B0C5-4557-9239-BEF86F90009C},2.241873179E-05,0.022980587246085,69.01
169,36,29,3000,3,360290030003,Block Group 3,G5030,S,220867,0,42.9076584,-78.8087384,150,36,29,3000,3,360290030003,668,135,495,2,7,0,12,17,36,632,344,254,90,,,{8E567691-9678-405F-A1C2-945AF4D0F171},2.4345927E-05,0.020006178679948,30
176,36,29,4601,2,360290046012,Block Group 2,G5030,S,157530,0,42.9546361,-78.8316686,150,36,29,4601,2,360290046012,810,431,151,1,169,0,24,34,45,765,354,323,31,,,{FA2FACDD-FEBF-4237-95D6-C571A9AB561C},1.7377358156E-05,0.019982683543228,46.01
174,36,29,3301,1,360290033011,Block Group 1,G5030,S,147038,0,42.9206924,-78.8510892,150,36,29,3301,1,360290033011,825,178,628,4,2,0,0,13,9,816,364,303,61,,,{91A69046-7765-49C1-ADF0-9F5CE725787C},1.6211310325E-05,0.017204309887814,33.01
20,36,29,5300,2,360290053002,Block Group 2,G5030,S,1786786,5623,42.9293726,-78.8597263,150,36,29,5300,2,360290053002,855,608,214,7,6,2,5,13,23,832,228,184,44,,,{F37F4D29-F5F5-4A6B-B631-A4AD0F66D702},0.000197646292412,0.065743732809425,53
108,36,29,16600,4,360290166004,Block Group 4,G5030,S,443374,0,42.8941167,-78.8503954,150,36,29,16600,4,360290166004,888,30,836,3,0,0,3,16,19,869,464,369,95,,,{EF133F7D-3579-43D2-99C3-9AB917E74ADB},4.8862193896E-05,0.02871277756836,166
103,36,29,17100,5,360290171005,Block Group 5,G5030,S,743039,0,42.9305364,-78.8865517,150,36,29,17100,5,360290171005,959,533,227,21,58,2,64,54,170,789,382,275,107,,,{BCF9B2E8-1855-4F74-A7A2-34207851A916},8.1934391025E-05,0.053196715564284,171
278,36,29,4500,3,360290045003,Block Group 3,G5030,S,313353,0,42.9521897,-78.8398426,150,36,29,4500,3,360290045003,1200,986,145,7,16,0,28,18,52,1148,539,509,30,,,{1935B504-6FF7-479C-A962-6928B1DCA23E},3.4565256711E-05,0.024749109820309,45
95,36,29,16300,1,360290163001,Block Group 1,G5030,S,865423,0,42.8739761,-78.83819,150,36,29,16300,1,360290163001,799,665,81,4,0,0,23,26,80,719,452,341,111,,,{3A952660-FCEF-48A9-9CA4-6797FFCBD2AE},9.5343461345E-05,0.040953595028977,163
163,36,29,2800,1,360290028001,Block Group 1,G5030,S,321510,0,42.9010474,-78.8252893,150,36,29,2800,1,360290028001,534,153,337,5,1,1,16,21,29,505,250,171,79,,,{479C88D3-7BD2-4D5A-B816-9E90670E0238},3.5435937306E-05,0.027690915898795,28
218,36,29,3700,2,360290037002,Block Group 2,G5030,S,326993,0,42.9126733,-78.8066837,150,36,29,3700,2,360290037002,1347,165,1149,5,0,0,5,23,42,1305,559,464,95,,,{8FE42C22-B852-43ED-BB2F-DC097185BF66},3.6046912465E-05,0.024647080582993,37
270,36,29,4700,4,360290047004,Block Group 4,G5030,S,500522,0,42.9445006,-78.8252849,150,36,29,4700,4,360290047004,1507,291,1030,4,83,5,24,70,70,1437,720,634,86,,,{0CF21652-C1C9-4E1B-A4C3-942A42431BB4},5.5204571454E-05,0.029757716555719,47
162,36,29,2800,3,360290028003,Block Group 3,G5030,S,114079,0,42.8983737,-78.8162924,150,36,29,2800,3,360290028003,426,134,258,1,12,0,8,13,14,412,286,183,103,,,{963773BC-B862-40E1-A33F-72F8AA0BD8C2},1.2572907468E-05,0.016051479094563,28
189,36,29,5100,3,360290051003,Block Group 3,G5030,S,203705,0,42.9575978,-78.8637098,150,36,29,5100,3,360290051003,1051,733,219,15,14,4,30,36,101,950,589,551,38,,,{9D657B98-DDB5-4736-84DF-BC12B480D9D4},2.2408249134E-05,0.026669207540348,51
276,36,29,4601,4,360290046014,Block Group 4,G5030,S,154317,0,42.9527586,-78.8281185,150,36,29,4601,4,360290046014,1080,467,125,3,443,0,5,37,18,1062,415,382,33,,,{D09059EC-F52E-46F9-88AB-EA0477C35E1D},1.7022503478E-05,0.021816698219658,46.01
222,36,29,3700,5,360290037005,Block Group 5,G5030,S,141927,0,42.9206608,-78.8106449,150,36,29,3700,5,360290037005,719,74,623,1,1,0,1,19,22,697,311,261,50,,,{45E564B7-3299-4399-8DB9-B0B6D6CECD65},1.5647734605E-05,0.0158346548127,37
194,36,29,5802,1,360290058021,Block Group 1,G5030,S,173533,0,42.9531545,-78.9034129,150,36,29,5802,1,360290058021,1226,730,166,29,88,0,136,77,288,938,490,423,67,,,{011F29A7-F3AB-413A-AF37-3ABDBFE0EBB8},1.9142324426E-05,0.018986024900194,58.02
138,36,29,900,3,360290009003,Block Group 3,G5030,S,181276,0,42.8510993,-78.8130711,150,36,29,900,3,360290009003,919,832,37,12,6,0,11,21,52,867,461,424,37,,,{CEF13E26-F79D-4187-98C1-EAD680373349},1.9963873036E-05,0.018466248462175,9
206,36,29,1600,1,360290016001,Block Group 1,G5030,S,322907,0,42.8887618,-78.8415757,150,36,29,1600,1,360290016001,495,95,353,2,14,0,13,18,32,463,421,273,148,,,{9CF750AD-FCC9-4D27-AB88-6395389D1159},3.5582758502E-05,0.024594258279232,16
97,36,29,16400,4,360290164004,Block Group 4,G5030,S,644288,0,42.8778304,-78.8628231,150,36,29,16400,4,360290164004,823,145,559,10,13,0,70,26,229,594,299,286,13,,,{AC8CB5A2-EF98-443D-A84B-79B73EED957E},7.0985599425E-05,0.040617703651817,164
124,36,29,200,2,360290002002,Block Group 2,G5030,S,197513,0,42.85117,-78.8271938,150,36,29,200,2,360290002002,942,808,53,8,8,0,35,30,143,799,417,369,48,,,{EB883F2A-0416-4782-A28E-C4FC3CC76AAA},2.1752147904E-05,0.026497792781556,2
280,36,29,4601,1,360290046011,Block Group 1,G5030,S,230819,0,42.9569088,-78.8327843,150,36,29,4601,1,360290046011,637,477,97,2,35,0,9,17,48,589,305,281,24,,,{C9428BBF-12EE-4B5A-9D33-C5F3CE0E5EFB},2.5409206419E-05,0.0295171526603,46.01
23,36,29,5500,2,360290055002,Block Group 2,G5030,S,190399,0,42.9397808,-78.8888421,150,36,29,5500,2,360290055002,1081,645,213,23,55,0,95,50,201,880,596,488,108,,,{32640697-E068-441E-B8CB-EAE123515D35},2.0998215239E-05,0.02208233573607,55
79,36,29,7000,1,360290070001,Block Group 1,G5030,S,283303,243652,42.9097491,-78.9010536,150,36,29,7000,1,360290070001,1106,447,223,6,99,11,268,52,566,540,521,392,129,,,{6F951DDB-CC53-4EC5-A7F7-52765F8F0E48},3.147580767E-05,0.026848415060983,70
271,36,29,4700,1,360290047001,Block Group 1,G5030,S,268005,0,42.9483248,-78.8186362,150,36,29,4700,1,360290047001,1231,457,618,3,106,0,12,35,61,1170,501,432,69,,,{65DD03D5-F648-4205-A3DA-4F923B09E65D},2.9561058744E-05,0.032404282265955,47
16,36,29,5201,3,360290052013,Block Group 3,G5030,S,408058,0,42.9308581,-78.845915,150,36,29,5201,3,360290052013,701,306,345,5,23,1,12,9,39,662,296,249,47,,,{7DBBB246-8D95-4C35-8A8E-8722779C4572},4.4996476603E-05,0.030480287482325,52.01
247,36,29,3302,1,360290033021,Block Group 1,G5030,S,262752,0,42.9092037,-78.8505973,150,36,29,3302,1,360290033021,616,15,580,0,0,0,12,9,17,599,427,307,120,,,{6E43DBF3-2E3D-484A-A772-F918C903C7D2},2.8963789546E-05,0.025245192256038,33.02
94,36,29,16300,3,360290163003,Block Group 3,G5030,S,1670689,114676,42.8640415,-78.8329567,150,36,29,16300,3,360290163003,1038,875,65,19,0,1,43,35,133,905,542,432,110,,,{9AFFA6BC-60F7-41DA-BB9A-8383BAB47F9B},0.000196669049205,0.072389039244099,163
66,36,29,6602,2,360290066022,Block Group 2,G5030,S,118949,0,42.9122269,-78.8735714,150,36,29,6602,2,360290066022,707,550,114,4,16,0,4,19,29,678,345,308,37,,,{AD84E36C-A1B6-4DEF-BA53-D7A3EA148788},1.3112647502E-05,0.017812162403503,66.02
85,36,29,110,3,360290001103,Block Group 3,G5030,S,4472699,1147274,42.8476707,-78.8554107,150,36,29,110,3,360290001103,800,615,84,9,5,0,56,31,178,622,363,288,75,,,{B7B7A6E3-F134-4589-B260-EBF89EFD924E},0.00052088747138,0.178319517335516,1.1
223,36,29,3800,3,360290038003,Block Group 3,G5030,S,265319,0,42.9133003,-78.8009956,150,36,29,3800,3,360290038003,1108,195,854,1,1,0,24,33,44,1064,472,400,72,,,{97D42215-867A-4B4F-8A14-7B28FE174416},2.8296476826E-05,0.025724944006662,38
145,36,29,1600,2,360290016002,Block Group 2,G5030,S,1233559,0,42.8886507,-78.8262621,150,36,29,1600,2,360290016002,749,314,363,5,24,0,16,27,29,720,519,374,145,,,{88DDD3C1-E912-4B4C-8E0B-49EDA5265B7C},0.00013593289175,0.066783193601917,16
227,36,29,6901,4,360290069014,Block Group 4,G5030,S,118888,0,42.9081031,-78.8928955,150,36,29,6901,4,360290069014,777,301,161,10,128,0,142,35,372,405,351,276,75,,,{494333AD-5F08-4001-8647-1FAC53C52D4B},1.3104989674E-05,0.016196034372478,69.01
115,36,29,4401,2,360290044012,Block Group 2,G5030,S,203794,0,42.9355192,-78.8107839,150,36,29,4401,2,360290044012,1068,53,968,6,9,0,3,29,23,1045,436,401,35,,,{7C88E59B-FE03-42D7-827E-4A49A6D47583},2.247393998E-05,0.022776100077858,44.01
152,36,29,2400,2,360290024002,Block Group 2,G5030,S,130452,0,42.8948146,-78.8221979,150,36,29,2400,2,360290024002,357,188,156,3,0,0,0,10,10,347,317,157,160,,,{ED9333BB-993C-484C-9091-634C2F1C4734},1.4376436686E-05,0.018124352267651,24
286,36,29,6601,2,360290066012,Block Group 2,G5030,S,190021,0,42.9134059,-78.8795732,150,36,29,6601,2,360290066012,1080,897,88,11,16,0,42,26,94,986,714,614,100,,,{A82553A2-DB54-4361-A2D5-FD8ACD41B07B},2.0947703361E-05,0.018370591448599,66.01
84,36,29,500,1,360290005001,Block Group 1,G5030,S,3915722,2017407,42.8667471,-78.8711089,150,36,29,500,1,360290005001,1114,911,73,4,2,0,86,38,207,907,600,486,114,,,{CC479BF2-306D-4124-82C0-BE3CAA8CCC53},0.000516848844674,0.187954282237427,5
26,36,29,5600,1,360290056001,Block Group 1,G5030,S,196059,0,42.9576165,-78.8839874,150,36,29,5600,1,360290056001,650,273,265,12,0,0,66,34,144,506,328,296,32,,,{3C0D8BA5-7879-42E4-9FB5-E6AB10481DAA},2.1561660643E-05,0.026057871097168,56
212,36,29,2702,3,360290027023,Block Group 3,G5030,S,317398,0,42.8971,-78.8319386,150,36,29,2702,3,360290027023,764,167,245,2,321,0,6,23,11,753,428,282,146,,,{8E44691B-D816-4127-89B7-F3869DEA56F4},3.498070712E-05,0.025088030048364,27.02
273,36,29,4700,3,360290047003,Block Group 3,G5030,S,227556,0,42.9417387,-78.8175632,150,36,29,4700,3,360290047003,1272,79,1165,2,0,0,3,23,35,1237,515,460,55,,,{9B3EF2E0-EF2E-430D-9D5C-63F4D03453DC},2.5097044196E-05,0.022853003187366,47
78,36,29,6902,4,360290069024,Block Group 4,G5030,S,98401,0,42.9022425,-78.8879936,150,36,29,6902,4,360290069024,825,533,149,20,21,1,71,30,153,672,547,451,96,,,{FD83CFED-5318-4FB7-913A-019A2B485B55},1.0845727876E-05,0.014805060339048,69.02
161,36,29,2702,1,360290027021,Block Group 1,G5030,S,179926,0,42.9017579,-78.831945,150,36,29,2702,1,360290027021,519,62,237,4,187,0,3,26,18,501,263,181,82,,,{F59A99D0-4B48-4DDB-9AA2-F97F792659A5},1.9831114938E-05,0.018570536357003,27.02
14,36,29,5201,4,360290052014,Block Group 4,G5030,S,226780,0,42.9351493,-78.8491453,150,36,29,5201,4,360290052014,840,663,134,2,10,1,17,13,39,801,484,424,60,,,{5677603A-60A3-4493-B417-0F4BA52DD46F},2.500866323E-05,0.021821900273766,52.01
47,36,29,6302,3,360290063023,Block Group 3,G5030,S,148693,0,42.9251109,-78.8723705,150,36,29,6302,3,360290063023,587,534,19,2,19,0,4,9,14,573,347,321,26,,,{4C4DC14F-2344-4B60-9A37-9C08B4C59ACF},1.6394748593E-05,0.02236691326253,63.02
263,36,29,4401,4,360290044014,Block Group 4,G5030,S,247824,0,42.9402746,-78.8011524,150,36,29,4401,4,360290044014,886,90,761,0,10,0,14,11,26,860,564,448,116,,,{E5BA03CB-BC0B-43B4-B2E0-41F77EA0BEE9},2.6262874463E-05,0.021407826220283,44.01
261,36,29,4300,1,360290043001,Block Group 1,G5030,S,170629,0,42.9475221,-78.8060039,150,36,29,4300,1,360290043001,965,196,713,1,7,0,12,36,43,922,463,411,52,,,{75AFDE75-2F6E-4FCC-9944-16E5912F1570},1.8632008886E-05,0.028831500779875,43
99,36,29,7102,3,360290071023,Block Group 3,G5030,S,99280,0,42.8938183,-78.8816842,150,36,29,7102,3,360290071023,615,272,151,20,0,2,154,16,278,337,313,255,58,,,{74EEAF1E-B1E1-4F82-8987-2EA4794FAC2B},1.0941101198E-05,0.015442381613872,71.02
154,36,29,2400,5,360290024005,Block Group 5,G5030,S,466480,0,42.8934824,-78.8121091,150,36,29,2400,5,360290024005,639,537,49,11,9,2,3,28,41,598,340,281,59,,,{7C1E1ADE-2A8E-45A5-9E1F-AE66F9BB7FFF},5.1407921668E-05,0.035474754872663,24
209,36,29,3100,2,360290031002,Block Group 2,G5030,S,243789,0,42.8993638,-78.856279,150,36,29,3100,2,360290031002,492,16,470,0,0,0,0,6,1,491,291,224,67,,,{67295F98-12DB-4FCB-8B06-9D585788C465},2.6869362591E-05,0.027280680006689,31
285,36,29,5802,2,360290058022,Block Group 2,G5030,S,537996,404521,42.9490632,-78.9095821,150,36,29,5802,2,360290058022,1337,907,164,36,25,0,135,70,253,1084,611,521,90,,,{C73CFCBE-C9F4-4B57-A3C9-0D406BE42CA2},5.8266646745E-05,0.042457928436967,58.02
110,36,29,16800,2,360290168002,Block Group 2,G5030,S,417889,0,42.9087525,-78.8646381,150,36,29,16800,2,360290168002,1184,156,968,6,4,0,26,24,66,1118,693,534,159,,,{152464E1-4FCA-430A-A4C7-1DC9D3EAA163},4.6064243715E-05,0.031781559948661,168
148,36,29,2300,3,360290023003,Block Group 3,G5030,S,184110,0,42.886294,-78.8110305,150,36,29,2300,3,360290023003,584,504,53,1,6,0,14,6,40,544,272,244,28,,,{5F3B348F-F5E2-45B9-B0E0-BDDC3D0E5731},2.0287290402E-05,0.019781399189563,23
114,36,29,17000,2,360290170002,Block Group 2,G5030,S,1056753,0,42.9253806,-78.8323357,150,36,29,17000,2,360290170002,2034,129,1857,4,3,0,6,35,56,1978,811,724,87,,,{B09A210A-6FBE-4F5F-8645-B0B0E1C975E4},0.000116517999404,0.050860344885741,170
220,36,29,3700,4,360290037004,Block Group 4,G5030,S,261980,0,42.9158894,-78.81142,150,36,29,3700,4,360290037004,960,94,808,3,15,0,2,38,26,934,449,361,88,,,{D6617B10-20DC-48CF-8889-A149570F1FEE},2.8881716054E-05,0.024239812689155,37
122,36,29,110,2,360290001102,Block Group 2,G5030,S,2865724,165985,42.8385263,-78.8412869,150,36,29,110,2,360290001102,0,0,0,0,0,0,0,0,0,0,0,0,0,,,{FDBF6426-5664-4D0E-9DF5-218CFC8737E2},0.000328640799707,0.117754308507619,1.1
